PopID,Pop,City,Urban,Distance,Trial,Monarchs,Rhysomatus,Oleander,Green_aphid,Myzocallis,Euchaetes,Lygaeus,Oncopeltus,Tetraopes,Leaf_Beetle,Fly,Abundance ,Diversity,Average_Leaf_Herbivory,Height_Scars_cm
AS001,1,Toronto,urban,15.89377953,Late,0,0,0,0,0,0,0,0,0,0,3,3,1,0.037,0
AS001,1,Toronto,urban,15.89377953,Late,0,0,0,0,0,0,0,0,0,0,7,7,1,0.0435,0
AS001,1,Toronto,urban,15.89377953,Late,0,0,0,0,0,0,0,0,0,0,4,4,1,0.07,0
AS001,1,Toronto,urban,15.89377953,Late,0,0,0,0,0,0,0,0,0,0,0,0,0,0.072,0
AS001,1,Toronto,urban,15.89377953,Late,0,0,0,0,0,0,0,0,0,0,7,7,1,0.0235,0
AS002,2,Toronto,urban,15.51,Late,0,0,0,0,0,0,0,0,1,0,3,4,2,0.022,0
AS002,2,Toronto,urban,15.51,Late,1,0,0,0,0,1,0,0,0,0,0,2,2,0.117,0
AS002,2,Toronto,urban,15.51,Late,0,0,0,0,0,5,0,0,0,0,0,5,1,0.115,0
AS002,2,Toronto,urban,15.51,Late,0,0,0,0,0,1,0,0,0,0,0,1,1,0.04,0
AS002,2,Toronto,urban,15.51,Late,0,0,0,0,0,0,0,0,2,0,1,3,2,0.099,0
AS004,3,Toronto,urban,16.03360391,Late,0,0,0,0,0,0,0,0,0,0,0,0,0,0.001,0
AS004,3,Toronto,urban,16.03360391,Late,0,0,0,0,0,0,0,0,0,0,1,1,1,0.008,0
AS004,3,Toronto,urban,16.03360391,Late,1,0,0,0,0,0,0,0,0,0,1,1,2,0.003,0
AS004,3,Toronto,urban,16.03360391,Late,1,0,0,0,0,0,0,0,0,0,2,2,2,0.014,0
AS004,3,Toronto,urban,16.03360391,Late,0,0,0,0,0,0,0,0,0,0,1,1,1,0.018,0
AS007,4,Toronto,urban,16.21,Late,1,0,0,0,0,0,0,0,0,0,3,3,2,0.03,0
AS007,4,Toronto,urban,16.21,Late,0,0,0,0,0,0,0,0,0,0,1,1,1,0.069,0
AS007,4,Toronto,urban,16.21,Late,0,0,0,0,0,0,0,0,0,0,3,3,1,0.025,0
AS007,4,Toronto,urban,16.21,Late,0,0,0,0,0,0,0,0,0,0,0,0,0,0.022,0
AS007,4,Toronto,urban,16.21,Late,0,0,0,0,0,0,0,0,0,0,0,0,0,0.085,0
AS012,5,Toronto,urban,21.58,Late,1,0,0,0,0,0,0,0,0,0,0,0,1,0.013,0
AS012,5,Toronto,urban,21.58,Late,0,0,0,0,0,0,0,0,0,0,0,0,0,0.185,0
AS012,5,Toronto,urban,21.58,Late,0,0,0,0,0,0,0,0,0,0,0,0,0,0.149,0
AS012,5,Toronto,urban,21.58,Late,0,0,0,0,0,0,0,0,0,0,0,0,0,0.171,0
AS012,5,Toronto,urban,21.58,Late,0,0,0,0,0,0,0,0,0,0,0,0,0,0.225,0
AS014,6,Toronto,urban,25.05,Late,0,0,4,0,0,0,0,0,0,0,0,4,1,0.106,0
AS014,6,Toronto,urban,25.05,Late,0,0,0,0,0,0,0,0,1,0,1,2,2,0.207,0
AS014,6,Toronto,urban,25.05,Late,0,0,0,0,0,0,0,0,1,0,2,3,2,0.124,0
AS014,6,Toronto,urban,25.05,Late,0,0,0,30,0,1,0,0,0,0,1,32,3,0.091,0
AS014,6,Toronto,urban,25.05,Late,0,0,0,0,0,0,0,0,2,0,2,4,2,0.083,0
AS020,8,Toronto,rural,30.32,Late,0,0,0,0,0,0,0,0,0,0,0,0,0,0.013,0
AS020,8,Toronto,rural,30.32,Late,0,0,0,0,0,0,0,0,0,0,0,0,0,0.042,0
AS020,8,Toronto,rural,30.32,Late,0,0,0,0,0,0,0,0,0,0,0,0,0,0.054,0
AS020,8,Toronto,rural,30.32,Late,0,0,0,0,0,0,0,0,0,0,1,1,1,0.007,0
AS020,8,Toronto,rural,30.32,Late,1,0,0,0,0,0,0,0,0,0,0,0,1,0.037,0
AS021,9,Toronto,rural,27.94,Late,0,0,0,0,0,0,0,0,0,0,0,0,0,0.023,0
AS021,9,Toronto,rural,27.94,Late,0,0,0,0,0,0,0,0,0,0,0,0,0,0.323,0
AS021,9,Toronto,rural,27.94,Late,0,0,0,0,0,0,0,0,0,0,1,1,1,0.036,0
AS021,9,Toronto,rural,27.94,Late,0,0,0,0,0,0,0,0,0,0,0,0,0,0.037,0
AS021,9,Toronto,rural,27.94,Late,0,0,0,0,0,0,0,0,0,0,0,0,0,0.009,0
AS024,10,Toronto,urban,13.68,Late,0,0,0,0,0,0,0,0,0,0,0,0,0,0.039,0
AS024,10,Toronto,urban,13.68,Late,0,0,0,0,0,0,0,0,0,0,0,0,0,0.005,0
AS024,10,Toronto,urban,13.68,Late,0,0,0,0,0,0,0,0,0,0,2,2,1,0.011,0
AS024,10,Toronto,urban,13.68,Late,1,0,0,0,0,0,0,0,0,0,0,0,1,0.004,0
AS024,10,Toronto,urban,13.68,Late,0,0,0,0,0,0,0,0,0,0,0,0,0,0.022,0
AS025,11,Toronto,urban,15.68,Late,1,0,0,0,0,0,0,0,0,0,0,0,1,0.011,0
AS025,11,Toronto,urban,15.68,Late,1,0,0,0,0,0,0,0,0,0,0,0,1,0.273,0
AS025,11,Toronto,urban,15.68,Late,0,0,0,0,0,0,0,0,0,0,1,1,1,0.012,0
AS025,11,Toronto,urban,15.68,Late,0,0,0,0,0,0,0,0,0,0,0,0,0,0.011,0
AS025,11,Toronto,urban,15.68,Late,0,0,0,0,0,0,0,0,0,0,2,2,1,0.028,0
AS026,12,Toronto,urban,9.89,Late,1,0,0,0,0,0,0,0,0,0,0,0,1,0.012,0
AS026,12,Toronto,urban,9.89,Late,0,0,0,0,0,0,0,0,0,0,0,0,0,0.015,0
AS028,13,Toronto,urban,5.98,Late,0,0,0,0,0,0,0,0,0,0,3,3,1,0.008,0
AS028,13,Toronto,urban,5.98,Late,0,0,0,0,0,0,0,0,0,0,1,1,1,0.004,0
AS028,13,Toronto,urban,5.98,Late,0,0,0,0,0,0,0,0,1,0,0,1,1,0.026,0
AS028,13,Toronto,urban,5.98,Late,0,0,0,0,0,0,0,0,1,0,0,1,1,0.01,0
AS028,13,Toronto,urban,5.98,Late,0,0,0,0,0,0,0,0,0,0,0,0,0,0.103,0
AS029,14,Toronto,urban,8.65,Late,0,0,0,0,0,0,0,0,0,0,4,4,1,0.034,0
AS029,14,Toronto,urban,8.65,Late,0,0,0,0,0,0,0,0,1,0,2,3,2,0.085,0
AS029,14,Toronto,urban,8.65,Late,0,0,0,0,0,0,0,0,0,0,1,1,1,0.015,0
AS029,14,Toronto,urban,8.65,Late,0,0,0,0,0,0,0,0,1,0,2,3,2,0.012,0
AS029,14,Toronto,urban,8.65,Late,0,0,0,0,0,0,0,0,0,0,0,0,0,0.023,0
AS031,15,Toronto,rural,25.78,Late,0,0,0,0,0,0,0,0,1,0,0,1,1,0.016,0
AS031,15,Toronto,rural,25.78,Late,0,0,0,0,0,0,0,0,2,0,0,2,1,0.015,0
AS031,15,Toronto,rural,25.78,Late,0,0,0,0,0,0,0,0,0,0,0,0,0,0.018,0
AS031,15,Toronto,rural,25.78,Late,0,0,0,0,0,0,0,0,0,0,0,0,0,0.016,0
AS031,15,Toronto,rural,25.78,Late,0,0,0,0,0,0,0,0,0,0,0,0,0,0.008,0
AS032,16,Toronto,rural,33.19,Late,0,0,0,0,0,0,0,0,0,0,0,0,0,0.055,0
AS032,16,Toronto,rural,33.19,Late,0,0,0,0,0,0,0,0,0,0,1,1,1,0.021,0
AS032,16,Toronto,rural,33.19,Late,0,0,0,0,0,0,0,0,0,0,0,0,0,0.01,0
AS032,16,Toronto,rural,33.19,Late,0,0,0,0,0,0,0,0,0,0,0,0,0,0.14,0
AS032,16,Toronto,rural,33.19,Late,0,0,0,0,0,0,0,0,0,0,1,1,1,0.085,0
AS033,17,Toronto,rural,34.41,Late,0,0,0,0,0,0,0,0,1,0,15,16,2,0.02,0
AS034,18,Toronto,rural,32.77,Late,0,0,0,0,0,0,0,0,0,0,1,1,1,0.101,0
AS034,18,Toronto,rural,32.77,Late,0,0,0,0,0,0,0,0,0,0,0,0,0,0.008,0
AS034,18,Toronto,rural,32.77,Late,0,0,0,0,0,0,0,0,0,0,4,4,1,0.031,0
AS034,18,Toronto,rural,32.77,Late,0,0,0,0,0,0,0,0,0,0,0,0,0,0.037,0
AS034,18,Toronto,rural,32.77,Late,0,0,0,0,0,0,0,0,0,0,1,1,1,0.057,0
AS035,19,Toronto,rural,35.42,Late,0,0,0,0,0,0,0,0,0,0,2,2,1,0.034,0
AS035,19,Toronto,rural,35.42,Late,0,0,0,0,0,0,0,0,0,0,0,0,0,0.11,0
AS035,19,Toronto,rural,35.42,Late,1,0,0,0,0,0,0,0,0,0,0,1,1,0.02,0
AS035,19,Toronto,rural,35.42,Late,0,0,0,0,0,50,0,0,0,0,0,50,1,0.173,0
AS035,19,Toronto,rural,35.42,Late,5,0,0,0,0,0,0,0,0,0,0,5,1,0.117,0
AS036,20,Toronto,rural,35.98,Late,1,0,0,0,0,0,0,0,0,0,0,1,1,0.19,0
AS036,20,Toronto,rural,35.98,Late,1,0,0,0,0,0,0,0,0,0,0,1,1,0.082,0
AS036,20,Toronto,rural,35.98,Late,3,0,0,0,0,0,0,0,0,0,0,3,1,0.141,0
AS036,20,Toronto,rural,35.98,Late,1,0,0,0,0,0,0,0,0,0,0,1,1,0.104,0
AS036,20,Toronto,rural,35.98,Late,1,0,0,0,0,1,0,0,0,0,0,1,2,0.012,0
AS037,21,Toronto,rural,37.66,Late,2,0,0,0,0,0,0,0,0,1,0,3,2,0.188,0
AS037,21,Toronto,rural,37.66,Late,0,0,0,0,0,0,0,0,0,0,0,0,0,0.333,0
AS037,21,Toronto,rural,37.66,Late,0,0,0,0,0,0,0,0,0,0,0,0,0,0.03,0
AS037,21,Toronto,rural,37.66,Late,1,0,0,0,0,0,0,0,0,1,0,2,2,0.29,0
AS039,22,Toronto,urban,5.42,Late,0,0,0,0,0,0,0,0,0,0,4,4,1,0.019,0
AS039,22,Toronto,urban,5.42,Late,0,0,0,0,0,0,0,0,0,0,1,1,1,0.133,0
AS039,22,Toronto,urban,5.42,Late,0,0,0,0,0,0,0,0,0,0,6,6,1,0.02,0
AS039,22,Toronto,urban,5.42,Late,0,0,0,0,0,0,0,0,0,0,7,7,1,0.037,0
AS039,22,Toronto,urban,5.42,Late,0,0,0,0,0,0,0,0,0,0,5,5,1,0.007,0
AS040,23,Toronto,urban,5.82,Late,0,0,0,0,0,0,0,0,0,0,1,1,1,0.313,0
AS040,23,Toronto,urban,5.82,Late,0,0,0,0,0,0,0,0,0,0,0,0,0,0.22,0
AS040,23,Toronto,urban,5.82,Late,0,0,1,0,0,0,0,0,0,0,1,2,2,0.126,0
AS040,23,Toronto,urban,5.82,Late,0,0,0,0,0,0,0,0,0,0,1,1,1,0.229,0
AS040,23,Toronto,urban,5.82,Late,1,0,0,0,0,0,0,0,0,0,0,0,1,0.192,0
AS041,24,Toronto,urban,5.7,Late,2,0,0,0,0,0,0,0,0,0,0,0,1,0.006,0
AS041,24,Toronto,urban,5.7,Late,1,0,0,0,0,0,0,0,0,0,0,0,1,0.011,0
AS041,24,Toronto,urban,5.7,Late,0,0,0,0,0,0,0,0,0,0,0,0,0,0.007,0
AS041,24,Toronto,urban,5.7,Late,1,0,0,0,0,0,0,0,0,0,0,0,1,0.004,0
AS041,24,Toronto,urban,5.7,Late,0,0,0,0,0,0,0,0,0,0,0,0,0,0.007,0
AS042,25,Toronto,urban,6.17,Late,0,0,0,0,0,0,0,0,0,0,3,3,1,0.006,0
AS042,25,Toronto,urban,6.17,Late,0,0,0,0,0,0,0,0,0,0,2,2,1,0.002,0
AS042,25,Toronto,urban,6.17,Late,0,0,0,0,0,0,0,0,0,0,2,2,1,0.018,0
AS042,25,Toronto,urban,6.17,Late,0,0,0,0,0,0,0,0,0,0,0,0,0,0.014,0
AS042,25,Toronto,urban,6.17,Late,0,0,0,0,0,0,0,0,0,0,1,1,1,0.008,0
AS043,26,Toronto,urban,7.4,Late,0,0,0,0,0,0,0,0,0,0,0,0,0,0.006,0
AS043,26,Toronto,urban,7.4,Late,1,0,0,0,0,0,0,0,0,0,3,4,2,0.008,0
AS043,26,Toronto,urban,7.4,Late,0,0,57,0,0,0,0,0,0,0,0,57,1,0.01,0
AS043,26,Toronto,urban,7.4,Late,0,0,0,0,0,0,0,0,0,0,0,0,0,0.006,0
AS043,26,Toronto,urban,7.4,Late,0,0,0,0,0,0,0,0,0,0,0,0,0,0.02,0
AS044,27,Toronto,urban,7.79,Late,1,0,0,0,0,0,0,0,0,0,4,4,2,0.013,0
AS044,27,Toronto,urban,7.79,Late,0,0,0,0,0,0,0,0,0,0,2,2,1,0.019,0
AS044,27,Toronto,urban,7.79,Late,0,0,0,0,0,0,0,0,0,0,0,0,0,0,0
AS044,27,Toronto,urban,7.79,Late,0,0,0,0,0,0,0,0,0,0,6,6,1,0.015,0
AS044,27,Toronto,urban,7.79,Late,0,0,0,0,0,0,0,0,0,0,2,2,1,0.005,0
AS046,28,Toronto,rural,39.03,Late,0,0,0,0,0,1,0,0,1,0,0,2,2,0.047,0
AS046,28,Toronto,rural,39.03,Late,0,0,0,0,0,1,0,0,0,0,0,1,1,0.375,0
AS046,28,Toronto,rural,39.03,Late,1,0,0,0,0,0,0,0,0,0,0,0,1,0.12,0
AS046,28,Toronto,rural,39.03,Late,0,0,0,0,0,0,0,0,0,0,0,0,0,0.05,0
AS046,28,Toronto,rural,39.03,Late,0,0,0,0,0,0,0,0,0,0,0,0,0,0.155,0
AS047,29,Toronto,rural,39.49,Late,0,0,0,0,0,0,0,0,0,0,2,2,1,0.129,0
AS047,29,Toronto,rural,39.49,Late,0,0,0,0,0,0,0,0,0,0,0,0,0,0.052,0
AS047,29,Toronto,rural,39.49,Late,0,0,0,0,0,0,0,0,0,0,0,0,0,0.003,0
AS047,29,Toronto,rural,39.49,Late,0,0,0,0,0,0,0,0,0,0,2,2,1,0.092,0
AS047,29,Toronto,rural,39.49,Late,0,0,0,0,0,0,0,0,0,0,0,0,0,0.033,0
AS048,30,Toronto,rural,41.74,Late,0,0,0,0,0,0,0,0,0,0,0,0,0,0.106,0
AS048,30,Toronto,rural,41.74,Late,0,0,0,0,0,0,0,0,0,0,0,0,0,0.046,0
AS048,30,Toronto,rural,41.74,Late,0,0,0,0,0,0,0,0,0,0,1,1,1,0.157,0
AS048,30,Toronto,rural,41.74,Late,0,0,0,0,0,0,0,0,0,0,0,0,0,0.041,0
AS048,30,Toronto,rural,41.74,Late,0,0,0,0,0,0,0,0,0,0,0,0,0,0.087,0
AS049,31,Toronto,rural,40.74,Late,0,0,0,0,0,0,0,0,0,0,0,0,0,0.132,0
AS049,31,Toronto,rural,40.74,Late,0,0,0,0,0,0,0,0,0,0,0,0,0,0.041,0
AS049,31,Toronto,rural,40.74,Late,0,0,0,0,0,0,0,0,0,0,0,0,0,0.015,0
AS049,31,Toronto,rural,40.74,Late,0,0,0,0,0,0,0,0,0,0,0,0,0,0.025,0
AS049,31,Toronto,rural,40.74,Late,0,0,0,0,0,0,0,0,0,0,0,0,0,0.127,0
AS050,32,Toronto,urban,8.73,Late,5,0,0,0,0,0,0,0,0,0,1,1,2,0.015,0
AS050,32,Toronto,urban,8.73,Late,0,0,0,0,0,0,0,0,0,0,13,13,1,0.016,0
AS050,32,Toronto,urban,8.73,Late,0,0,0,0,0,0,0,0,0,0,4,4,1,0.017,0
AS050,32,Toronto,urban,8.73,Late,0,0,0,0,0,0,0,0,0,0,3,3,1,0.001,0
AS050,32,Toronto,urban,8.73,Late,0,0,0,0,0,0,0,0,0,0,3,3,1,0.054,0
AS051,33,Toronto,urban,8.97,Late,0,0,0,0,0,0,0,2,0,0,8,10,2,0.017,0
AS051,33,Toronto,urban,8.97,Late,0,0,0,0,0,0,0,0,1,0,0,1,1,0.077,0
AS051,33,Toronto,urban,8.97,Late,0,0,0,0,0,0,0,0,0,0,3,3,1,0.041,0
AS051,33,Toronto,urban,8.97,Late,0,0,10,0,0,0,0,0,0,0,3,13,2,0.011,0
AS051,33,Toronto,urban,8.97,Late,0,0,0,0,0,0,0,0,0,0,9,9,1,0.029,0
AS052,34,Toronto,urban,9.6,Late,0,0,0,0,0,0,0,0,0,0,0,0,0,0.111,0
AS052,34,Toronto,urban,9.6,Late,0,0,0,0,0,0,0,0,0,0,0,0,0,0.085,0
AS052,34,Toronto,urban,9.6,Late,0,0,0,0,0,0,0,0,0,0,1,1,1,0.011,0
AS052,34,Toronto,urban,9.6,Late,0,0,0,0,0,0,0,0,0,0,0,0,0,0.005,0
AS052,34,Toronto,urban,9.6,Late,0,0,0,0,0,0,0,0,1,0,6,7,2,0.02,0
AS053,35,Toronto,urban,9.85,Late,0,0,0,0,0,0,0,0,0,0,0,0,0,0.023,0
AS053,35,Toronto,urban,9.85,Late,0,0,0,0,0,0,0,0,0,0,3,3,1,0.099,0
AS053,35,Toronto,urban,9.85,Late,0,0,0,0,0,0,0,0,0,0,2,2,1,0.013,0
AS053,35,Toronto,urban,9.85,Late,0,0,0,0,0,0,0,0,0,0,0,0,0,0.011,0
AS053,35,Toronto,urban,9.85,Late,1,0,0,0,0,0,0,0,0,0,7,7,2,0.023,0
AS054,36,Toronto,urban,9.62,Late,2,0,0,0,0,0,0,0,0,0,9,9,2,0.04,0
AS054,36,Toronto,urban,9.62,Late,0,0,0,0,0,0,0,0,0,0,2,2,1,0.011,0
AS054,36,Toronto,urban,9.62,Late,0,0,0,0,0,0,0,0,0,0,0,0,0,0.015,0
AS054,36,Toronto,urban,9.62,Late,0,0,0,0,0,0,0,0,0,0,4,4,1,0.036,0
AS054,36,Toronto,urban,9.62,Late,0,0,0,0,0,0,0,0,0,0,0,0,0,0.046,0
AS055,37,Toronto,urban,9.83,Late,1,0,0,0,0,0,0,0,0,0,6,7,2,0.049,0
AS055,37,Toronto,urban,9.83,Late,0,0,0,0,0,0,0,0,0,0,0,0,0,0.008,0
AS055,37,Toronto,urban,9.83,Late,0,0,0,0,0,0,0,0,0,0,19,19,1,0.076,0
AS055,37,Toronto,urban,9.83,Late,0,0,0,0,0,0,0,0,0,0,0,0,0,0,0
AS055,37,Toronto,urban,9.83,Late,0,0,0,0,0,0,0,0,0,0,0,0,0,0.046,0
AS056,38,Toronto,rural,40.2,Late,1,0,0,0,0,0,0,0,0,0,0,0,1,0.052,0
AS056,38,Toronto,rural,40.2,Late,0,0,0,0,0,0,0,0,0,0,1,1,1,0.255,0
AS056,38,Toronto,rural,40.2,Late,0,0,0,0,0,0,0,0,0,0,0,0,0,0.065,0
AS056,38,Toronto,rural,40.2,Late,0,0,0,0,0,0,0,0,0,0,0,0,0,0.034,0
AS056,38,Toronto,rural,40.2,Late,0,0,0,0,0,0,0,0,0,0,0,0,0,0.029,0
AS057,39,Toronto,rural,38.18,Late,0,0,0,0,0,0,0,0,0,0,0,0,0,0.346,0
AS057,39,Toronto,rural,38.18,Late,0,0,0,0,0,0,0,0,0,0,2,2,1,0.165,0
AS057,39,Toronto,rural,38.18,Late,1,0,0,0,0,0,0,0,0,0,0,1,1,0.085,0
AS057,39,Toronto,rural,38.18,Late,0,0,0,0,0,0,0,0,0,0,0,0,0,0.078,0
AS057,39,Toronto,rural,38.18,Late,0,0,0,0,0,0,0,0,0,0,0,0,0,0.182,0
AS058,40,Toronto,rural,36.64,Late,2,0,0,0,0,0,0,0,0,0,0,2,1,0.421,0
AS058,40,Toronto,rural,36.64,Late,2,0,20,0,0,0,0,0,0,0,1,23,3,0.208,0
AS058,40,Toronto,rural,36.64,Late,1,0,0,0,0,0,0,0,0,0,0,1,1,0.375,0
AS058,40,Toronto,rural,36.64,Late,1,0,0,0,0,0,0,0,1,0,0,1,2,0.067,0
AS058,40,Toronto,rural,36.64,Late,5,0,2,0,0,0,0,0,0,0,0,7,2,0.299,0
AS059,41,Toronto,rural,36.19,Late,0,0,0,0,0,0,0,0,0,0,0,0,0,0.015,0
AS059,41,Toronto,rural,36.19,Late,0,0,0,0,0,0,0,0,0,0,1,1,1,0.075,0
AS059,41,Toronto,rural,36.19,Late,0,0,0,0,0,0,0,0,0,0,3,3,1,0.034,0
AS059,41,Toronto,rural,36.19,Late,0,0,0,0,0,0,0,0,0,0,0,0,0,0.009,0
AS059,41,Toronto,rural,36.19,Late,0,0,0,0,0,0,0,0,0,0,4,4,1,0.01,0
AS060,42,Toronto,urban,20.77,Late,0,1,0,0,0,0,0,0,0,0,0,1,1,0.069,0
AS060,42,Toronto,urban,20.77,Late,0,0,0,0,0,0,0,0,0,1,2,3,2,0.027,0
AS060,42,Toronto,urban,20.77,Late,0,0,0,0,0,1,0,0,0,1,0,2,2,0.103,0
AS060,42,Toronto,urban,20.77,Late,0,0,0,0,0,0,0,0,0,0,1,1,1,0.066,0
AS060,42,Toronto,urban,20.77,Late,0,0,0,0,0,2,0,0,2,0,0,4,2,0.139,0
AS062,43,Toronto,urban,19.51,Late,0,0,0,0,0,0,0,0,0,0,0,0,0,0.046,0
AS062,43,Toronto,urban,19.51,Late,0,0,0,0,0,0,0,0,0,0,1,1,1,0.025,0
AS062,43,Toronto,urban,19.51,Late,0,0,0,0,0,0,0,0,1,0,2,3,2,0.035,0
AS062,43,Toronto,urban,19.51,Late,0,0,0,0,0,0,0,0,0,0,3,3,1,0.08,0
AS062,43,Toronto,urban,19.51,Late,0,0,0,0,0,0,0,0,0,0,2,2,1,0.017,0
AS063,43,Toronto,urban,19,Late,0,0,0,0,0,0,0,0,0,0,0,0,0,0.206,0
AS063,43,Toronto,urban,19,Late,0,0,0,0,0,0,0,0,0,0,0,0,0,0.095,0
AS063,43,Toronto,urban,19,Late,0,0,0,0,0,0,0,0,0,0,0,0,0,0.028,0
AS063,43,Toronto,urban,19,Late,0,0,0,0,0,0,0,0,0,0,0,0,0,0.12,0
AS063,43,Toronto,urban,19,Late,0,0,0,0,0,0,0,0,0,0,0,0,0,0.04,0
AS064,44,Toronto,urban,2.29,Late,0,0,1000,0,0,0,0,0,0,0,1,1001,2,0.003,0
AS064,44,Toronto,urban,2.29,Late,1,0,450,0,0,0,0,0,0,0,0,451,2,0.001,0
AS064,44,Toronto,urban,2.29,Late,0,0,200,0,0,0,0,0,0,0,4,204,2,0.054,0
AS064,44,Toronto,urban,2.29,Late,0,0,800,0,0,0,0,0,0,0,0,800,1,0,0
AS064,44,Toronto,urban,2.29,Late,0,0,150,0,0,0,0,0,0,0,3,153,2,0.013,0
AS066,46,Toronto,urban,3.36,Late,0,0,0,0,0,0,0,0,0,0,4,4,1,0.014,0
AS066,46,Toronto,urban,3.36,Late,2,0,0,0,0,0,0,0,0,0,0,0,1,0.003,0
AS066,46,Toronto,urban,3.36,Late,0,0,0,0,0,0,0,0,0,0,0,0,0,0.002,0
AS066,46,Toronto,urban,3.36,Late,0,0,0,0,0,0,0,0,0,0,0,0,0,0.062,0
AS066,46,Toronto,urban,3.36,Late,0,0,0,0,0,0,0,0,0,0,0,0,0,0.009,0
AS067,47,Toronto,urban,2.99,Late,0,0,0,0,0,0,0,0,0,0,5,5,1,0.007,0
AS067,47,Toronto,urban,2.99,Late,1,0,0,0,0,0,0,0,0,0,6,6,2,0.013,0
AS067,47,Toronto,urban,2.99,Late,0,0,0,0,0,0,0,0,0,0,3,3,1,0.091,0
AS067,47,Toronto,urban,2.99,Late,0,0,0,0,0,0,0,0,0,0,3,3,1,0.007,0
AS067,47,Toronto,urban,2.99,Late,0,0,0,0,0,0,0,0,0,0,8,8,1,0.028,0
AS069,48,Toronto,urban,3.72,Late,0,0,0,0,0,0,0,0,0,0,0,0,0,0.022,0
AS069,48,Toronto,urban,3.72,Late,0,0,0,0,0,0,0,0,4,0,2,6,2,0.025,0
AS069,48,Toronto,urban,3.72,Late,0,0,0,0,0,0,0,0,0,0,1,1,1,0.024,0
AS069,48,Toronto,urban,3.72,Late,0,0,0,0,0,0,0,0,0,0,1,1,1,0.014,0
AS069,48,Toronto,urban,3.72,Late,0,0,0,0,0,0,0,0,0,0,0,0,0,0.02,0
AS070,49,Toronto,urban,4.17,Late,0,0,0,0,0,0,0,0,0,0,0,0,0,0.012,0
AS070,49,Toronto,urban,4.17,Late,0,0,0,0,0,0,0,0,0,0,0,0,0,0.016,0
AS070,49,Toronto,urban,4.17,Late,1,0,1,0,0,0,0,0,1,0,0,2,3,0.007,0
AS070,49,Toronto,urban,4.17,Late,0,0,0,0,0,0,0,0,0,0,0,0,0,0.031,0
AS070,49,Toronto,urban,4.17,Late,1,0,0,0,0,0,0,0,0,0,5,5,2,0.03,0
AS072,51,Toronto,urban,5.17,Late,1,0,0,0,0,0,0,0,0,0,7,7,2,0.02,0
AS072,51,Toronto,urban,5.17,Late,0,0,0,0,0,0,0,0,0,0,2,2,1,0.022,0
AS072,51,Toronto,urban,5.17,Late,0,0,0,0,0,0,0,0,0,0,15,15,1,0.032,0
AS072,51,Toronto,urban,5.17,Late,0,0,0,0,0,0,0,0,0,0,2,2,1,0.087,0
AS072,51,Toronto,urban,5.17,Late,1,0,10,0,0,0,0,0,1,0,0,11,3,0.016,0
AS073,52,Toronto,urban,10.15,Late,0,0,0,0,0,0,0,0,0,0,4,4,1,0.128,0
AS073,52,Toronto,urban,10.15,Late,0,0,200,0,0,0,0,0,0,0,5,205,2,0.136,0
AS073,52,Toronto,urban,10.15,Late,0,0,0,0,0,0,0,0,0,0,3,3,1,0.086,0
AS073,52,Toronto,urban,10.15,Late,0,0,50,0,0,0,0,0,0,0,0,50,1,0.034,0
AS073,52,Toronto,urban,10.15,Late,1,0,0,0,0,0,0,0,0,0,4,4,2,0.082,0
AS074,53,Toronto,urban,11.33,Late,0,0,0,0,0,0,0,0,0,0,15,15,1,0.04,0
AS074,53,Toronto,urban,11.33,Late,0,0,0,0,0,0,0,0,0,0,1,1,1,0.03,0
AS074,53,Toronto,urban,11.33,Late,0,0,0,0,0,0,0,0,0,0,1,1,1,0.079,0
AS074,53,Toronto,urban,11.33,Late,0,0,0,0,0,0,0,0,0,0,0,0,0,0.012,0
AS074,53,Toronto,urban,11.33,Late,0,0,0,0,0,0,0,0,0,0,0,0,0,0.026,0
AS075,54,Toronto,urban,11.85,Late,0,0,0,0,0,0,0,0,0,0,1,1,1,0.006,0
AS075,54,Toronto,urban,11.85,Late,0,0,0,0,0,0,0,0,0,0,2,2,1,0.022,0
AS075,54,Toronto,urban,11.85,Late,0,0,0,0,0,0,0,0,0,0,0,0,0,0.053,0
AS075,54,Toronto,urban,11.85,Late,0,0,0,0,0,0,0,0,0,0,3,3,1,0.038,0
AS075,54,Toronto,urban,11.85,Late,0,0,0,0,0,0,0,0,0,0,0,0,0,0.011,0
AS076,55,Toronto,urban,12.78,Late,1,0,0,0,0,0,0,0,0,0,3,4,2,0.022,0
AS076,55,Toronto,urban,12.78,Late,0,0,0,0,0,0,0,0,0,0,1,1,1,0.01,0
AS076,55,Toronto,urban,12.78,Late,0,0,0,0,0,0,0,0,0,0,6,6,1,0.022,0
AS076,55,Toronto,urban,12.78,Late,0,0,0,0,0,0,0,0,0,0,6,6,1,0.013,0
AS076,55,Toronto,urban,12.78,Late,0,0,0,0,0,0,0,0,0,0,2,2,1,0.016,0
AS077,56,Toronto,urban,13.69,Late,0,0,0,0,0,0,0,0,0,0,1,1,1,0.041,0
AS077,56,Toronto,urban,13.69,Late,0,0,0,0,0,0,0,0,0,0,2,2,1,0.074,0
AS077,56,Toronto,urban,13.69,Late,0,0,0,0,0,0,0,0,0,0,0,0,0,0.021,0
AS077,56,Toronto,urban,13.69,Late,0,0,0,0,0,0,0,0,0,0,1,1,1,0.043,0
AS077,56,Toronto,urban,13.69,Late,0,0,0,0,0,0,0,0,0,0,7,7,1,0.008,0
AS079,57,Toronto,urban,16.25,Late,0,0,0,0,0,0,0,0,0,0,7,7,1,0.089,0
AS079,57,Toronto,urban,16.25,Late,0,0,0,0,0,0,0,0,0,0,0,0,0,0.017,0
AS079,57,Toronto,urban,16.25,Late,0,0,0,0,0,0,0,0,1,0,0,1,1,0.012,0
AS079,57,Toronto,urban,16.25,Late,0,0,0,0,0,0,0,0,0,0,0,0,0,0.013,0
AS079,57,Toronto,urban,16.25,Late,0,0,0,0,0,0,0,0,0,0,0,0,0,0.023,0
AS080,58,Toronto,urban,16.52,Late,0,0,0,0,0,0,0,0,0,0,21,21,1,0.055,0
AS080,58,Toronto,urban,16.52,Late,0,0,0,0,0,0,0,0,0,0,12,12,1,0.025,0
AS080,58,Toronto,urban,16.52,Late,0,0,0,0,0,0,0,0,0,0,3,3,1,0.004,0
AS080,58,Toronto,urban,16.52,Late,0,0,0,0,0,0,0,0,0,0,1,1,1,0.006,0
AS080,58,Toronto,urban,16.52,Late,1,0,0,0,0,0,0,0,0,0,3,3,2,0.034,0
AS081,59,Toronto,urban,17.45,Late,0,0,0,0,0,0,0,0,0,0,0,0,0,0.029,0
AS081,59,Toronto,urban,17.45,Late,0,0,3,0,0,0,0,0,0,0,1,4,2,0.088,0
AS081,59,Toronto,urban,17.45,Late,1,0,0,0,0,0,0,0,1,0,0,1,2,0.04,0
AS081,59,Toronto,urban,17.45,Late,2,0,0,0,0,0,0,0,0,0,1,1,2,0.027,0
AS081,59,Toronto,urban,17.45,Late,0,0,0,0,0,0,0,0,0,0,0,0,0,0.135,0
AS082,60,Toronto,urban,17.45,Late,0,0,0,0,0,0,0,0,0,0,0,0,0,0.007,0
AS082,60,Toronto,urban,17.45,Late,0,0,0,0,0,0,0,0,0,0,0,0,0,0.023,0
AS082,60,Toronto,urban,17.45,Late,0,0,0,0,0,0,0,0,0,0,4,4,1,0.035,0
AS082,60,Toronto,urban,17.45,Late,0,0,0,0,0,0,0,0,0,0,0,0,0,0.045,0
AS082,60,Toronto,urban,17.45,Late,0,0,0,0,0,0,0,0,1,0,0,1,1,0.013,0
AS083,61,Toronto,urban,18.59,Late,0,0,0,0,0,0,0,0,0,0,2,2,1,0.011,0
AS084,62,Toronto,urban,18.13,Late,0,0,0,0,0,0,0,0,0,0,0,0,0,0.027,0
AS084,62,Toronto,urban,18.13,Late,0,0,0,0,0,0,0,0,0,0,0,0,0,0.02,0
AS085,63,Toronto,urban,17.47,Late,1,0,400,0,0,0,0,0,0,0,0,401,2,0.005,0
AS085,63,Toronto,urban,17.47,Late,0,0,0,0,0,0,0,0,0,0,1,1,1,0.005,0
AS085,63,Toronto,urban,17.47,Late,1,0,300,0,0,0,0,0,0,0,2,303,3,0.013,0
AS085,63,Toronto,urban,17.47,Late,0,0,0,0,0,0,0,0,0,0,0,0,0,0.009,0
AS085,63,Toronto,urban,17.47,Late,1,0,50,0,0,0,0,0,0,0,2,52,3,0.006,0
AS086,64,Toronto,urban,20.08,Late,0,0,0,0,0,0,0,0,0,0,2,2,1,0.046,0
AS086,64,Toronto,urban,20.08,Late,0,0,0,0,0,0,0,0,0,0,0,0,0,0.047,0
AS086,64,Toronto,urban,20.08,Late,0,0,0,0,0,0,0,0,0,0,4,4,1,0.022,0
AS086,64,Toronto,urban,20.08,Late,0,0,0,0,0,0,0,0,0,0,0,0,0,0.044,0
AS086,64,Toronto,urban,20.08,Late,0,0,0,0,0,0,0,0,0,0,1,1,1,0.118,0
AS087,65,Toronto,urban,14.84,Late,1,0,0,0,0,0,0,0,0,0,1,1,2,0.008,0
AS087,65,Toronto,urban,14.84,Late,0,0,0,0,0,0,0,0,0,0,0,0,0,0.03,0
AS087,65,Toronto,urban,14.84,Late,0,0,0,0,0,0,0,0,0,0,0,0,0,0.011,0
AS087,65,Toronto,urban,14.84,Late,0,0,0,0,0,0,0,0,0,0,5,5,1,0.017,0
AS087,65,Toronto,urban,14.84,Late,0,0,0,0,0,0,0,0,0,0,3,3,1,0.012,0
AS089,67,Toronto,urban,13.55,Late,0,0,400,0,0,0,0,0,0,0,0,400,1,0.012,0
AS089,67,Toronto,urban,13.55,Late,0,0,200,0,0,0,0,0,0,0,0,200,1,0.004,0
AS089,67,Toronto,urban,13.55,Late,0,0,50,0,0,0,0,0,0,0,0,50,1,0,0
AS089,67,Toronto,urban,13.55,Late,1,0,10,0,0,0,0,0,0,0,0,11,2,0.002,0
AS092,69,Toronto,urban,10.82,Late,0,0,0,0,0,0,0,0,0,0,0,0,0,0.031,0
AS092,69,Toronto,urban,10.82,Late,1,0,0,0,0,0,0,0,0,0,3,3,2,0.022,0
AS092,69,Toronto,urban,10.82,Late,0,0,0,0,0,0,0,0,0,0,0,0,0,0.002,0
AS092,69,Toronto,urban,10.82,Late,0,0,0,0,0,0,0,0,0,0,1,1,1,0.014,0
AS092,69,Toronto,urban,10.82,Late,0,0,0,0,0,0,0,0,0,0,1,1,1,0.004,0
AS093,70,Toronto,urban,8.75,Late,3,0,0,0,0,0,0,0,0,0,15,15,2,0.024,0
AS093,70,Toronto,urban,8.75,Late,1,0,0,0,0,0,0,0,0,0,6,6,2,0.023,0
AS094,70,Toronto,urban,22.16,Late,0,0,0,0,0,0,0,0,0,0,1,1,1,0.025,0
AS094,70,Toronto,urban,22.16,Late,0,0,0,0,0,0,0,0,2,0,0,2,1,0.031,0
AS094,70,Toronto,urban,22.16,Late,1,0,0,0,0,0,0,0,0,0,0,1,1,0.027,0
AS094,70,Toronto,urban,22.16,Late,0,0,0,0,0,0,0,0,0,0,0,0,0,0.013,0
AS094,70,Toronto,urban,22.16,Late,1,0,0,0,0,0,0,0,3,0,12,16,3,0.055,0