PopID,Pop,City,Urban,Distance,Trial,Height_cm,Monarchs,Rhysomatus,Oleander,Green_aphid,Myzocallis,Euchaetes,Lygaeus,Oncopeltus,Tetraopes,Leaf_Beetle,Fly,Abundance ,Diversity,Average_Leaf_Herbivory,Height_Scars_cm
AS001,1,Toronto,urban,15.89377953,Early,45,0,0,0,0,0,0,0,0,0,0,0,0,0,0,1.2
AS001,1,Toronto,urban,15.89377953,Early,60,0,0,0,0,0,0,0,0,0,0,0,0,0,0.071,13.9
AS001,1,Toronto,urban,15.89377953,Early,51,1,0,0,0,0,0,0,0,0,0,0,0,1,0,0
AS001,1,Toronto,urban,15.89377953,Early,88,0,0,0,0,0,0,0,0,0,0,0,0,0,0.05,7.9
AS001,1,Toronto,urban,15.89377953,Early,79,0,0,0,0,0,0,0,0,0,0,0,0,0,0.11,10
AS002,2,Toronto,urban,15.51,Early,107.2,0,0,0,0,0,0,0,0,0,0,1,1,1,0.005,0
AS002,2,Toronto,urban,15.51,Early,77,1,0,0,0,0,0,0,0,0,0,0,0,1,0.097,34.1
AS002,2,Toronto,urban,15.51,Early,118,0,0,0,0,0,0,0,0,0,0,1,1,1,0.005,0
AS002,2,Toronto,urban,15.51,Early,92,0,0,0,0,0,0,0,0,0,0,0,0,0,0.02,0
AS002,2,Toronto,urban,15.51,Early,117,0,0,0,0,0,0,0,0,0,0,1,1,1,0.02,9.1
AS004,3,Toronto,urban,16.03360391,Early,91,0,0,0,0,0,0,0,0,0,0,0,0,0,0,0
AS004,3,Toronto,urban,16.03360391,Early,89,0,0,0,0,0,0,0,0,0,0,0,0,0,0,11.5
AS004,3,Toronto,urban,16.03360391,Early,94.5,0,0,0,0,0,0,0,0,0,0,0,0,0,0,0
AS004,3,Toronto,urban,16.03360391,Early,103,0,0,0,0,0,0,0,0,0,0,0,0,0,0,0
AS004,3,Toronto,urban,16.03360391,Early,110,0,0,0,0,0,0,0,0,0,0,0,0,0,0,0
AS007,4,Toronto,urban,16.21,Early,116,1,0,0,0,0,0,0,0,3,0,4,8,3,0.123,0
AS007,4,Toronto,urban,16.21,Early,75.2,0,0,0,0,0,0,0,0,1,0,0,1,1,0.012,0
AS007,4,Toronto,urban,16.21,Early,81,0,0,0,0,0,0,0,0,1,0,0,1,1,0.096,6.9
AS007,4,Toronto,urban,16.21,Early,63,0,0,0,0,0,0,0,0,0,0,1,1,1,0.062,18.1
AS007,4,Toronto,urban,16.21,Early,72.5,0,0,0,0,0,0,0,0,0,0,0,0,0,0.002,0
AS012,5,Toronto,urban,21.58,Early,91,1,0,0,0,0,0,0,0,0,0,0,1,1,0.08,0
AS012,5,Toronto,urban,21.58,Early,71.5,0,0,0,0,0,0,0,0,0,0,0,0,0,0.08,2.9
AS012,5,Toronto,urban,21.58,Early,99.5,0,0,0,0,0,0,0,0,0,0,0,0,0,0.068,0
AS012,5,Toronto,urban,21.58,Early,131,0,0,0,0,0,0,0,0,0,0,0,0,0,0.075,0
AS012,5,Toronto,urban,21.58,Early,75.5,0,0,0,0,0,0,0,0,0,0,0,0,0,0,0
AS014,6,Toronto,urban,25.05,Early,107,0,0,0,0,0,0,0,0,0,0,2,2,1,0.004,0
AS014,6,Toronto,urban,25.05,Early,95.5,0,0,0,0,0,0,0,0,0,0,2,2,1,0.004,0
AS014,6,Toronto,urban,25.05,Early,87,0,0,0,0,0,0,0,0,0,0,0,0,0,0,0
AS014,6,Toronto,urban,25.05,Early,66.5,0,0,0,0,0,0,0,0,0,0,1,1,1,0.011,0
AS014,6,Toronto,urban,25.05,Early,97.5,0,0,0,0,0,0,0,0,0,0,0,0,0,0.02,0
AS019,7,Toronto,rural,30.36,Early,68,0,0,0,0,0,0,0,0,0,0,0,0,0,0,0
AS019,7,Toronto,rural,30.36,Early,90.2,0,0,0,0,0,0,0,0,0,0,0,0,0,0,0
AS019,7,Toronto,rural,30.36,Early,122,0,0,0,0,0,0,0,0,0,0,0,0,0,0.05,0
AS019,7,Toronto,rural,30.36,Early,65,0,0,0,0,0,0,0,0,0,0,0,0,0,0.015,0
AS019,7,Toronto,rural,30.36,Early,89,0,0,0,0,0,0,0,0,0,0,0,0,0,0.004,0
AS020,8,Toronto,rural,30.32,Early,58,0,0,0,0,0,0,0,0,0,0,0,0,0,0,0
AS020,8,Toronto,rural,30.32,Early,86.4,0,0,0,0,0,0,0,0,0,0,0,0,0,0,0.6
AS020,8,Toronto,rural,30.32,Early,43,0,0,0,0,0,0,0,0,0,0,0,0,0,0,6
AS020,8,Toronto,rural,30.32,Early,94,0,0,0,0,0,0,0,0,0,0,0,0,0,0,0
AS020,8,Toronto,rural,30.32,Early,48,0,0,0,0,0,0,0,0,0,0,0,0,0,0.07,0
AS021,9,Toronto,rural,27.94,Early,55,0,0,0,0,0,0,0,0,0,0,0,0,0,0.055,0
AS021,9,Toronto,rural,27.94,Early,45,0,0,0,0,0,0,0,0,0,0,0,0,0,0,0
AS021,9,Toronto,rural,27.94,Early,45,0,0,0,0,0,0,0,0,0,0,0,0,0,0.051,0
AS021,9,Toronto,rural,27.94,Early,50,0,2,0,0,0,0,0,0,0,0,0,2,1,0.066,0
AS021,9,Toronto,rural,27.94,Early,58.8,0,0,0,0,0,0,0,0,0,0,0,0,0,0.001,0
AS021,9,Toronto,rural,27.94,Early,124,3,0,0,0,0,0,0,0,0,0,0,1,1,0.003,0
AS021,9,Toronto,rural,27.94,Early,85,2,0,0,0,0,0,0,0,0,0,1,1,2,0.02,0
AS021,9,Toronto,rural,27.94,Early,27,0,0,0,0,0,0,0,0,0,0,0,0,0,0.007,0
AS021,9,Toronto,rural,27.94,Early,91,0,0,0,0,0,0,0,0,0,0,0,0,0,0,0
AS021,9,Toronto,rural,27.94,Early,127,0,0,0,0,0,0,0,0,0,0,0,0,0,0,0
AS024,10,Toronto,urban,13.68,Early,105,0,0,0,0,0,0,0,0,0,0,0,0,0,0.009,0
AS024,10,Toronto,urban,13.68,Early,74,0,0,0,0,0,0,0,0,0,0,2,2,1,0.008,0
AS024,10,Toronto,urban,13.68,Early,100,0,0,0,0,0,0,0,0,0,0,0,0,0,0.071,0
AS024,10,Toronto,urban,13.68,Early,89,0,0,0,0,0,0,0,0,0,0,2,2,1,0.021,0
AS024,10,Toronto,urban,13.68,Early,121,0,0,0,0,0,0,0,0,0,0,0,0,0,0.027,0
AS025,11,Toronto,urban,15.68,Early,74,0,0,0,0,0,0,0,0,0,0,0,0,0,0.004,0
AS025,11,Toronto,urban,15.68,Early,98.8,0,0,0,0,0,0,0,0,0,0,0,0,0,0.005,0
AS025,11,Toronto,urban,15.68,Early,135.5,0,0,0,0,0,0,0,0,0,0,0,0,0,0,0
AS025,11,Toronto,urban,15.68,Early,101,0,0,0,0,0,0,0,0,0,0,0,0,0,0,0
AS025,11,Toronto,urban,15.68,Early,97.5,0,0,0,0,0,0,0,0,0,0,0,0,0,0.013,0
AS026,12,Toronto,urban,9.89,Early,76,0,0,0,0,0,0,0,0,0,0,0,0,0,0.025,0
AS026,12,Toronto,urban,9.89,Early,52.5,0,0,0,0,0,0,0,0,0,0,0,0,0,0.041,0
AS028,13,Toronto,urban,5.98,Early,99.5,0,0,0,0,0,0,0,0,0,0,0,0,0,0.015,0
AS028,13,Toronto,urban,5.98,Early,39,0,0,0,0,0,0,0,0,0,0,0,0,0,0.019,0.4
AS028,13,Toronto,urban,5.98,Early,85,0,0,0,0,0,0,0,0,0,0,0,0,0,0.017,10
AS028,13,Toronto,urban,5.98,Early,79.2,0,0,0,0,0,0,0,0,1,0,0,1,1,0.005,4
AS028,13,Toronto,urban,5.98,Early,142,0,0,0,0,0,0,0,0,0,0,0,0,0,0.061,9.3
AS029,14,Toronto,urban,8.65,Early,93.5,0,0,0,0,0,0,0,0,0,0,0,0,0,0,0
AS029,14,Toronto,urban,8.65,Early,69,0,0,0,0,0,0,0,0,0,0,0,0,0,0.005,0
AS029,14,Toronto,urban,8.65,Early,110,0,0,0,0,0,0,0,0,0,0,0,0,0,0,0
AS029,14,Toronto,urban,8.65,Early,111.5,0,0,0,0,0,0,0,0,0,0,1,1,1,0.042,0
AS029,14,Toronto,urban,8.65,Early,83,1,0,0,0,0,0,0,0,0,0,1,2,2,0.003,0
AS031,15,Toronto,rural,25.78,Early,85,0,0,0,0,0,0,0,0,0,0,1,1,1,0.012,0
AS031,15,Toronto,rural,25.78,Early,89,0,0,0,0,0,0,0,0,0,1,0,1,1,0.015,0
AS031,15,Toronto,rural,25.78,Early,65,0,0,0,0,0,0,0,0,0,0,0,0,0,0.086,6
AS031,15,Toronto,rural,25.78,Early,33,0,0,0,0,0,0,0,0,0,0,0,0,0,0,0
AS031,15,Toronto,rural,25.78,Early,55,0,0,0,0,0,0,0,0,0,0,0,0,0,0.06,0
AS032,16,Toronto,rural,33.19,Early,95,0,0,0,0,0,0,0,0,0,0,0,0,0,0,0
AS032,16,Toronto,rural,33.19,Early,108,0,0,0,0,0,0,0,0,0,0,0,0,0,0.005,0
AS032,16,Toronto,rural,33.19,Early,104,0,0,0,0,0,0,0,0,0,0,0,0,0,0.07,0
AS032,16,Toronto,rural,33.19,Early,95,0,0,0,0,0,0,0,0,0,0,0,0,0,0,0
AS032,16,Toronto,rural,33.19,Early,64,0,0,0,0,0,0,0,0,0,0,0,0,0,0.04,0
AS032,16,Toronto,rural,33.19,Early,75,0,0,0,0,0,0,0,0,0,0,1,1,1,0.035,0.4
AS032,16,Toronto,rural,33.19,Early,83,1,0,0,0,0,0,0,0,0,0,0,0,1,0,0
AS032,16,Toronto,rural,33.19,Early,63,0,0,0,0,0,0,0,0,0,0,0,0,0,0.003,1.2
AS032,16,Toronto,rural,33.19,Early,138,0,0,0,0,0,0,0,0,0,0,0,0,0,0.03,8.7
AS032,16,Toronto,rural,33.19,Early,114.5,0,0,0,0,0,0,0,0,0,0,1,1,1,0.006,5.1
AS033,17,Toronto,rural,34.41,Early,64,0,0,0,0,0,0,0,0,0,0,0,0,0,0,0
AS033,17,Toronto,rural,34.41,Early,62.2,0,0,0,0,0,0,0,0,0,0,0,0,0,0,0
AS033,17,Toronto,rural,34.41,Early,72.8,0,0,0,0,0,0,0,0,0,0,0,0,0,0.001,0
AS033,17,Toronto,rural,34.41,Early,119.5,0,0,0,0,0,0,0,0,0,0,0,0,0,0.025,0
AS033,17,Toronto,rural,34.41,Early,109,0,0,0,0,0,0,0,0,0,0,0,0,0,0.015,0
AS033,17,Toronto,rural,34.41,Early,107,0,0,0,0,0,0,0,0,0,0,0,0,0,0.007,4.3
AS033,17,Toronto,rural,34.41,Early,67,0,0,0,0,0,0,0,0,0,0,0,0,0,0,0
AS033,17,Toronto,rural,34.41,Early,151,1,0,0,0,0,0,0,0,0,0,2,2,2,0.142,0.5
AS033,17,Toronto,rural,34.41,Early,158,0,0,0,0,0,0,0,0,0,0,1,1,1,0.019,1.4
AS033,17,Toronto,rural,34.41,Early,127,0,0,0,0,0,0,0,0,0,0,0,0,0,0.036,9.2
AS034,18,Toronto,rural,32.77,Early,72.2,0,0,0,0,0,0,0,0,0,0,0,0,0,0,0
AS034,18,Toronto,rural,32.77,Early,78.4,0,0,0,0,0,0,0,0,0,0,0,0,0,0.068,13.5
AS034,18,Toronto,rural,32.77,Early,86.2,0,0,0,0,0,0,0,0,0,0,0,0,0,0.024,20.7
AS034,18,Toronto,rural,32.77,Early,81.4,2,0,0,0,0,0,0,0,0,0,1,3,2,0.014,0
AS034,18,Toronto,rural,32.77,Early,79.8,0,0,0,0,0,0,0,0,0,0,0,0,0,0,0
AS034,18,Toronto,rural,32.77,Early,97,0,0,0,0,0,0,0,0,0,0,0,0,0,0,0
AS034,18,Toronto,rural,32.77,Early,73,0,0,0,0,0,0,0,0,0,0,0,0,0,0.009,0
AS034,18,Toronto,rural,32.77,Early,91,0,0,0,0,0,0,0,0,0,0,2,2,1,0.005,4.5
AS034,18,Toronto,rural,32.77,Early,91,0,0,0,0,0,0,0,0,0,0,1,1,1,0.025,3.5
AS034,18,Toronto,rural,32.77,Early,81,1,0,0,0,0,0,0,0,0,0,0,0,1,0,0
AS035,19,Toronto,rural,35.42,Early,37,0,0,0,0,0,0,0,0,0,0,0,0,0,0.016,0
AS035,19,Toronto,rural,35.42,Early,25,0,0,0,0,0,0,0,0,0,0,0,0,0,0.139,0
AS035,19,Toronto,rural,35.42,Early,105,0,0,0,0,0,0,0,0,0,0,0,0,0,0,0
AS035,19,Toronto,rural,35.42,Early,110,0,0,0,0,0,0,0,0,0,0,0,0,0,0,0
AS035,19,Toronto,rural,35.42,Early,88,0,0,0,0,0,0,0,0,0,0,0,0,0,0.001,0
AS035,19,Toronto,rural,35.42,Early,118,2,0,0,0,0,0,0,0,0,0,0,0,1,0.005,0
AS035,19,Toronto,rural,35.42,Early,79,1,0,0,0,0,0,0,0,0,0,0,0,1,0.007,0
AS035,19,Toronto,rural,35.42,Early,146,1,0,0,0,0,0,0,0,0,0,0,0,1,0,0.9
AS035,19,Toronto,rural,35.42,Early,132,2,0,0,0,0,0,0,0,0,0,1,1,2,0.001,0.7
AS035,19,Toronto,rural,35.42,Early,141,0,0,0,0,0,0,0,0,0,0,1,1,1,0.005,0
AS036,20,Toronto,rural,35.98,Early,72,1,0,0,0,0,0,0,0,0,0,0,0,1,0,0
AS036,20,Toronto,rural,35.98,Early,69.8,1,0,0,0,0,0,0,0,0,0,0,0,1,0.09,0
AS036,20,Toronto,rural,35.98,Early,82,0,0,0,0,0,0,0,0,0,0,0,0,0,0,0
AS036,20,Toronto,rural,35.98,Early,52,1,0,0,0,0,0,0,0,0,0,0,0,1,0,0
AS036,20,Toronto,rural,35.98,Early,60,0,0,0,0,0,0,0,0,0,0,0,0,0,0.002,0
AS036,20,Toronto,rural,35.98,Early,73.5,0,0,0,0,0,0,0,0,0,0,2,2,1,0.006,0
AS036,20,Toronto,rural,35.98,Early,85,0,0,0,0,0,0,0,0,1,0,0,1,1,0.001,0
AS036,20,Toronto,rural,35.98,Early,92,1,0,0,0,0,0,0,0,0,0,0,0,1,0,0
AS036,20,Toronto,rural,35.98,Early,119.5,0,0,0,0,0,0,0,0,0,0,0,0,0,0,0
AS036,20,Toronto,rural,35.98,Early,128,0,0,0,0,0,0,0,0,0,0,0,0,0,0.116,0
AS037,21,Toronto,rural,37.66,Early,45,10,0,0,0,0,0,0,0,0,0,0,0,1,0,0
AS037,21,Toronto,rural,37.66,Early,90,0,0,0,0,0,0,0,0,0,0,0,0,0,0.165,2.3
AS039,22,Toronto,urban,5.42,Early,96,0,0,0,0,0,0,0,0,0,0,0,0,0,0,0
AS039,22,Toronto,urban,5.42,Early,76,0,0,0,0,0,0,0,0,0,0,0,0,0,0.016,0
AS039,22,Toronto,urban,5.42,Early,112.5,0,0,0,0,0,0,0,0,0,0,0,0,0,0.002,0
AS039,22,Toronto,urban,5.42,Early,52,0,0,0,0,0,0,0,0,0,0,0,0,0,0,0
AS039,22,Toronto,urban,5.42,Early,82.5,0,0,0,0,0,0,0,0,0,0,3,3,1,0.004,0
AS040,23,Toronto,urban,5.82,Early,68.5,2,0,0,0,0,0,0,0,0,0,0,1,1,0.008,0
AS040,23,Toronto,urban,5.82,Early,41.2,0,0,0,0,0,0,0,0,0,0,0,0,0,0.004,0
AS040,23,Toronto,urban,5.82,Early,22.5,1,0,0,0,0,0,0,0,0,0,0,1,1,0.015,0
AS040,23,Toronto,urban,5.82,Early,25,0,0,0,0,0,0,0,0,0,0,0,0,0,0.024,0
AS040,23,Toronto,urban,5.82,Early,26.1,0,0,15,0,0,0,0,0,0,0,0,15,1,0,0
AS041,24,Toronto,urban,5.7,Early,127,1,0,0,0,0,0,0,0,0,0,0,0,1,0,0
AS041,24,Toronto,urban,5.7,Early,71.5,1,0,0,0,0,0,0,0,0,0,0,0,1,0.005,0
AS041,24,Toronto,urban,5.7,Early,77.5,0,0,0,0,0,0,0,0,0,0,0,0,0,0,0
AS041,24,Toronto,urban,5.7,Early,66.5,0,0,0,0,0,0,0,0,0,0,0,0,0,0,0
AS041,24,Toronto,urban,5.7,Early,103,0,0,0,0,0,0,0,0,0,0,0,0,0,0,0
AS042,25,Toronto,urban,6.17,Early,154,0,0,0,0,0,0,0,0,0,0,0,0,0,0.001,0
AS042,25,Toronto,urban,6.17,Early,83.5,0,0,0,0,0,0,0,0,0,0,0,0,0,0,0
AS042,25,Toronto,urban,6.17,Early,128.5,0,0,0,0,0,0,0,0,0,0,0,0,0,0.012,0
AS042,25,Toronto,urban,6.17,Early,146,0,0,0,0,0,0,0,0,0,0,0,0,0,0.005,0
AS042,25,Toronto,urban,6.17,Early,129,0,0,0,0,0,0,0,0,0,0,0,0,0,0.115,0
AS043,26,Toronto,urban,7.4,Early,78,0,0,0,0,0,0,0,0,0,0,0,0,0,0.009,0
AS043,26,Toronto,urban,7.4,Early,152,0,0,0,0,0,0,0,0,1,0,0,1,1,0.058,0
AS043,26,Toronto,urban,7.4,Early,130.5,0,0,0,0,0,0,0,0,0,0,0,0,0,0.013,0
AS043,26,Toronto,urban,7.4,Early,153.5,0,0,0,0,0,0,0,0,0,0,0,0,0,0.008,0
AS043,26,Toronto,urban,7.4,Early,138,0,0,0,0,0,0,0,0,0,0,0,0,0,0.074,0
AS044,27,Toronto,urban,7.79,Early,94,2,0,0,0,0,0,0,0,0,0,0,0,1,0,0
AS044,27,Toronto,urban,7.79,Early,97.2,0,0,0,0,0,0,0,0,0,0,1,1,1,0.003,0
AS044,27,Toronto,urban,7.79,Early,89.5,0,0,0,0,0,0,0,0,0,0,1,1,1,0.004,0
AS044,27,Toronto,urban,7.79,Early,103,0,0,0,0,0,0,0,0,0,0,1,1,1,0.007,0
AS044,27,Toronto,urban,7.79,Early,113.5,0,0,0,0,0,0,0,0,0,0,0,0,0,0.1,0
AS046,28,Toronto,rural,39.03,Early,76,0,2,0,0,0,0,0,0,0,0,0,2,1,0.004,0
AS046,28,Toronto,rural,39.03,Early,83,0,0,0,0,0,0,0,0,1,0,0,1,1,0.376,12.2
AS046,28,Toronto,rural,39.03,Early,95,0,0,0,0,0,0,0,0,2,0,0,2,1,0.038,17.9
AS046,28,Toronto,rural,39.03,Early,74,0,0,0,0,0,0,0,0,0,0,0,0,0,0.173,18.1
AS046,28,Toronto,rural,39.03,Early,63,0,1,0,0,0,0,0,0,0,0,0,1,1,0.235,17.3
AS047,29,Toronto,rural,39.49,Early,40,0,1,0,0,0,0,0,0,0,0,0,1,1,0.085,1.4
AS047,29,Toronto,rural,39.49,Early,52,0,0,0,0,0,0,1,0,1,0,0,2,2,0.148,7
AS047,29,Toronto,rural,39.49,Early,36,0,0,0,0,0,0,0,0,1,0,0,1,1,0.075,0
AS047,29,Toronto,rural,39.49,Early,31,0,0,0,0,0,0,0,0,0,0,0,0,0,0,0
AS047,29,Toronto,rural,39.49,Early,30,0,0,0,0,0,0,0,0,0,0,0,0,0,0,0
AS047,29,Toronto,rural,39.49,Early,94,0,0,0,0,0,0,0,0,0,0,0,0,0,0.02,6.4
AS047,29,Toronto,rural,39.49,Early,109,0,0,0,0,0,0,0,0,0,0,0,0,0,0,0
AS047,29,Toronto,rural,39.49,Early,110,0,1,0,0,0,0,0,0,0,0,1,2,2,0.015,1.2
AS047,29,Toronto,rural,39.49,Early,115,0,0,0,0,0,0,0,0,0,0,0,0,0,0,0
AS047,29,Toronto,rural,39.49,Early,168,0,0,0,0,0,0,0,0,1,0,1,2,2,0.008,0
AS048,30,Toronto,rural,41.74,Early,62,0,0,0,0,0,0,0,0,0,0,0,0,0,0.02,2.5
AS048,30,Toronto,rural,41.74,Early,81,0,0,0,0,0,0,0,0,0,0,4,4,1,0.02,0
AS048,30,Toronto,rural,41.74,Early,69.5,0,0,0,0,0,0,0,0,0,0,0,0,0,0,0
AS048,30,Toronto,rural,41.74,Early,84.5,0,0,0,0,0,0,0,0,0,0,0,0,0,0.085,0
AS048,30,Toronto,rural,41.74,Early,56,0,0,0,0,0,0,0,0,0,0,0,0,0,0.104,0
AS049,31,Toronto,rural,40.74,Early,83.5,0,0,0,0,0,0,0,0,0,0,0,0,0,0.003,0
AS049,31,Toronto,rural,40.74,Early,92,0,0,0,0,0,0,0,0,2,0,0,2,1,0.059,0
AS049,31,Toronto,rural,40.74,Early,60,0,0,0,0,0,0,0,0,0,0,2,2,1,0.01,0
AS049,31,Toronto,rural,40.74,Early,112,0,0,0,0,0,0,0,0,0,0,0,0,0,0.011,0
AS049,31,Toronto,rural,40.74,Early,85,0,0,0,0,0,0,0,0,0,0,0,0,0,0.004,0
AS050,32,Toronto,urban,8.73,Early,82,2,0,0,0,0,0,0,0,0,0,5,5,2,0.052,0
AS050,32,Toronto,urban,8.73,Early,126,5,0,0,0,0,0,0,0,0,0,4,5,2,0.04,0
AS050,32,Toronto,urban,8.73,Early,84.5,1,0,0,0,0,0,0,0,0,0,1,1,2,0.009,0
AS050,32,Toronto,urban,8.73,Early,38,3,0,0,0,0,0,0,0,0,0,0,3,1,0.054,0
AS050,32,Toronto,urban,8.73,Early,114,0,0,0,0,0,0,0,0,0,0,0,0,0,0,0
AS051,33,Toronto,urban,8.97,Early,113,9,0,0,0,0,0,0,0,1,0,2,5,3,0.052,0
AS051,33,Toronto,urban,8.97,Early,107,3,0,0,0,0,0,0,0,1,0,1,2,3,0.011,0
AS051,33,Toronto,urban,8.97,Early,49,5,0,0,0,0,0,0,0,1,0,0,1,2,0.005,0
AS051,33,Toronto,urban,8.97,Early,67,1,0,0,0,0,0,0,0,0,0,5,5,2,0.04,0
AS051,33,Toronto,urban,8.97,Early,31,1,0,0,0,0,0,0,0,0,0,4,4,2,0.153,0
AS052,34,Toronto,urban,9.6,Early,103,2,0,0,0,0,0,0,0,0,0,2,3,2,0.016,0
AS052,34,Toronto,urban,9.6,Early,105,0,0,0,0,0,0,0,0,0,0,2,2,1,0.026,0
AS052,34,Toronto,urban,9.6,Early,113,1,0,0,0,0,0,0,0,0,0,1,2,2,0.005,0
AS052,34,Toronto,urban,9.6,Early,102,0,0,0,0,0,0,0,0,0,0,0,0,0,0,0
AS052,34,Toronto,urban,9.6,Early,128,0,0,0,0,0,0,0,0,0,0,3,3,1,0.03,0
AS053,35,Toronto,urban,9.85,Early,75,0,0,0,0,0,0,0,0,0,0,0,0,0,0.009,0
AS053,35,Toronto,urban,9.85,Early,46,0,0,0,0,0,0,0,0,0,0,0,0,0,0.052,0
AS053,35,Toronto,urban,9.85,Early,66,0,0,0,0,0,0,0,0,0,0,1,1,1,0.064,0
AS053,35,Toronto,urban,9.85,Early,85,0,0,0,0,0,0,0,0,0,0,1,1,1,0.021,0
AS053,35,Toronto,urban,9.85,Early,70.5,0,0,0,0,0,0,0,0,0,0,0,0,0,0.03,0
AS054,36,Toronto,urban,9.62,Early,80,2,0,0,0,0,0,0,0,0,0,0,0,1,0.05,0.4
AS054,36,Toronto,urban,9.62,Early,24,0,0,0,0,0,0,0,0,0,0,2,2,1,0.015,2.3
AS054,36,Toronto,urban,9.62,Early,67.5,1,0,0,0,0,0,0,0,0,0,2,2,2,0.083,0
AS054,36,Toronto,urban,9.62,Early,87,0,0,0,0,0,0,0,0,0,0,0,0,0,0.09,0
AS054,36,Toronto,urban,9.62,Early,101,0,0,0,0,0,0,0,0,0,0,0,0,0,0,0
AS055,37,Toronto,urban,9.83,Early,28,3,0,0,0,0,0,0,0,0,0,0,0,1,0,0
AS055,37,Toronto,urban,9.83,Early,27.5,1,0,0,0,0,0,0,0,0,0,0,0,1,0,0
AS055,37,Toronto,urban,9.83,Early,35,2,0,0,0,0,0,0,0,0,0,0,1,1,0.023,0
AS055,37,Toronto,urban,9.83,Early,39,3,0,0,0,0,0,0,0,0,0,0,0,1,0,0
AS055,37,Toronto,urban,9.83,Early,31,2,0,0,0,0,0,0,0,0,0,0,0,1,0.004,0
AS056,38,Toronto,rural,40.2,Early,80,0,0,0,0,0,0,0,0,0,0,0,0,0,0.161,10
AS056,38,Toronto,rural,40.2,Early,59,1,0,0,0,0,0,0,0,0,0,0,0,1,0.006,0
AS056,38,Toronto,rural,40.2,Early,65,1,0,0,0,0,0,0,0,0,0,0,0,1,0.001,0
AS056,38,Toronto,rural,40.2,Early,74,1,0,0,0,0,0,0,0,0,0,0,0,1,0.015,0
AS056,38,Toronto,rural,40.2,Early,68,0,0,0,0,0,0,0,0,0,0,0,0,0,0.182,4.2
AS057,39,Toronto,rural,38.18,Early,48.5,0,0,0,0,0,0,0,0,0,0,0,0,0,0.01,0
AS057,39,Toronto,rural,38.18,Early,71,0,0,0,0,0,0,0,0,0,0,7,7,1,0.06,0
AS057,39,Toronto,rural,38.18,Early,60,0,0,0,0,0,0,0,0,0,0,0,0,0,0.088,8.7
AS057,39,Toronto,rural,38.18,Early,64,0,0,0,0,0,0,0,0,0,0,0,0,0,0.012,2.5
AS057,39,Toronto,rural,38.18,Early,122,0,0,0,0,0,0,0,0,0,0,0,0,0,0.022,21.5
AS058,40,Toronto,rural,36.64,Early,51,0,0,0,0,0,0,0,0,0,0,0,0,0,0.015,0
AS058,40,Toronto,rural,36.64,Early,48,0,0,0,0,0,0,0,0,0,0,0,0,0,0,0
AS058,40,Toronto,rural,36.64,Early,45,0,0,0,0,0,0,0,0,0,0,0,0,0,0,0
AS059,41,Toronto,rural,36.19,Early,91,0,0,0,0,0,0,0,0,0,0,2,2,1,0.004,0
AS059,41,Toronto,rural,36.19,Early,102,0,0,0,0,0,0,0,0,0,0,1,1,1,0.004,0
AS059,41,Toronto,rural,36.19,Early,73,0,0,0,0,0,0,0,0,0,0,0,0,0,0,0
AS059,41,Toronto,rural,36.19,Early,72.5,0,0,0,0,0,0,0,0,0,0,0,0,0,0.001,0
AS059,41,Toronto,rural,36.19,Early,142,0,0,0,0,0,0,0,0,0,0,0,0,0,0.005,0
AS060,42,Toronto,urban,20.77,Early,72,0,0,0,0,0,0,0,0,0,0,0,0,0,0.035,3.2
AS060,42,Toronto,urban,20.77,Early,69,0,0,0,0,0,0,0,0,0,0,1,1,1,0.008,0
AS060,42,Toronto,urban,20.77,Early,51,0,0,0,0,0,0,0,0,0,0,0,0,0,0.161,5.5
AS060,42,Toronto,urban,20.77,Early,69,0,0,0,0,0,0,0,0,0,0,0,0,0,0.01,6.8
AS060,42,Toronto,urban,20.77,Early,67,0,0,0,0,0,0,0,0,0,0,0,0,0,0.004,1.2
AS062,43,Toronto,urban,19.51,Early,113.5,0,0,0,0,0,0,0,0,0,0,0,0,0,0,0
AS062,43,Toronto,urban,19.51,Early,86,0,0,0,0,0,0,0,0,0,0,0,0,0,0,0
AS062,43,Toronto,urban,19.51,Early,44,0,0,0,0,0,0,0,0,0,0,0,0,0,0,0
AS062,43,Toronto,urban,19.51,Early,110.5,0,0,0,0,0,0,0,0,0,0,0,0,0,0,0
AS062,43,Toronto,urban,19.51,Early,88,0,0,0,0,0,0,0,0,0,0,0,0,0,0.027,11.7
AS063,43,Toronto,urban,19,Early,119.5,0,0,0,0,0,0,0,0,0,0,0,0,0,0,0
AS063,43,Toronto,urban,19,Early,118,0,0,0,0,0,0,0,0,0,0,0,0,0,0.11,7.9
AS063,43,Toronto,urban,19,Early,86,1,0,0,0,0,0,0,0,0,0,1,2,2,0.007,0
AS063,43,Toronto,urban,19,Early,78,2,0,0,0,0,0,0,0,0,0,1,1,2,0.092,6
AS063,43,Toronto,urban,19,Early,72,0,0,0,0,0,0,0,0,0,0,0,0,0,0.095,3.5
AS064,44,Toronto,urban,2.29,Early,133.2,0,0,1200,0,0,0,0,0,0,0,0,1200,1,0.021,0
AS064,44,Toronto,urban,2.29,Early,91.3,0,0,125,0,0,0,0,0,0,0,0,125,1,0.015,0
AS064,44,Toronto,urban,2.29,Early,79,0,0,65,0,0,0,0,0,0,0,0,65,1,0.006,0
AS064,44,Toronto,urban,2.29,Early,102,0,0,75,0,0,0,0,0,0,0,0,75,1,0.017,0
AS064,44,Toronto,urban,2.29,Early,104.2,0,0,1300,0,0,0,0,0,0,0,0,1300,1,0.002,0
AS065,45,Toronto,urban,2.27,Early,102,0,0,0,0,0,0,0,0,0,0,0,0,0,0,0
AS065,45,Toronto,urban,2.27,Early,105.5,0,0,0,0,0,0,0,0,0,0,0,0,0,0.001,0
AS066,46,Toronto,urban,3.36,Early,134,0,0,0,0,0,0,0,0,0,0,0,0,0,0,0
AS066,46,Toronto,urban,3.36,Early,116.5,0,0,0,0,0,0,0,0,0,0,0,0,0,0,0
AS066,46,Toronto,urban,3.36,Early,121,0,0,0,0,0,0,0,0,0,0,0,0,0,0,0
AS066,46,Toronto,urban,3.36,Early,119.6,0,0,0,0,0,0,0,0,0,0,0,0,0,0,0
AS066,46,Toronto,urban,3.36,Early,102.2,0,0,0,0,0,0,0,0,0,0,0,0,0,0,0
AS067,47,Toronto,urban,2.99,Early,65.2,2,0,0,0,0,0,0,0,0,0,0,2,1,0.03,0
AS067,47,Toronto,urban,2.99,Early,34.2,0,0,0,0,0,0,0,0,0,0,0,0,0,0,0
AS067,47,Toronto,urban,2.99,Early,77.8,1,0,6,0,0,0,0,0,0,0,1,8,3,0.006,0
AS067,47,Toronto,urban,2.99,Early,79,0,0,0,0,0,0,0,0,0,0,1,1,1,0.02,0
AS067,47,Toronto,urban,2.99,Early,58,0,0,0,0,0,0,0,0,0,0,0,0,0,0,0
AS069,48,Toronto,urban,3.72,Early,23,0,0,0,0,0,0,0,0,1,0,0,1,1,0.015,0
AS069,48,Toronto,urban,3.72,Early,78,0,0,0,0,0,0,0,0,0,0,0,0,0,0.003,0
AS069,48,Toronto,urban,3.72,Early,107,0,0,0,0,0,0,0,0,0,0,0,0,0,0.019,0
AS069,48,Toronto,urban,3.72,Early,89,0,0,0,0,25,0,0,0,0,0,0,25,1,0.011,0
AS069,48,Toronto,urban,3.72,Early,35.5,0,0,0,0,0,0,0,0,0,0,0,0,0,0.007,0
AS070,49,Toronto,urban,4.17,Early,65.2,0,0,0,0,0,0,0,0,0,0,0,0,0,0.002,1.7
AS070,49,Toronto,urban,4.17,Early,95.8,0,0,0,0,0,0,0,0,0,0,0,0,0,0.01,0
AS070,49,Toronto,urban,4.17,Early,92.8,0,0,0,0,0,0,0,0,0,0,1,1,1,0.006,0
AS070,49,Toronto,urban,4.17,Early,32,0,0,0,0,0,0,0,0,0,0,0,0,0,0.03,0
AS070,49,Toronto,urban,4.17,Early,138.5,0,0,0,0,0,0,0,0,0,0,0,0,0,0.03,0
AS071,50,Toronto,urban,4.79,Early,47.5,1,0,0,0,0,0,0,0,0,0,0,0,1,0,0
AS071,50,Toronto,urban,4.79,Early,42.5,0,0,0,0,21,0,0,0,0,0,0,21,1,0,0
AS071,50,Toronto,urban,4.79,Early,43.5,0,0,0,0,0,0,0,0,0,0,0,0,0,0,0
AS071,50,Toronto,urban,4.79,Early,56,4,0,0,0,0,0,0,0,0,0,0,0,1,0.001,0
AS071,50,Toronto,urban,4.79,Early,34.5,0,0,0,0,0,0,0,0,0,0,0,0,0,0,0
AS072,51,Toronto,urban,5.17,Early,58.5,0,0,0,0,0,0,0,0,0,0,1,1,1,0.018,0
AS072,51,Toronto,urban,5.17,Early,52,0,0,0,0,0,0,0,0,0,0,1,1,1,0.105,0
AS072,51,Toronto,urban,5.17,Early,99,1,0,0,0,0,0,0,0,0,0,2,3,2,0.01,0
AS072,51,Toronto,urban,5.17,Early,79,0,0,0,0,0,0,0,0,0,0,0,0,0,0.009,6
AS072,51,Toronto,urban,5.17,Early,100,0,0,0,7,0,0,0,0,1,0,0,8,2,0.01,3
AS073,52,Toronto,urban,10.15,Early,38,8,0,0,0,0,0,0,0,0,0,0,1,1,0.099,0
AS073,52,Toronto,urban,10.15,Early,32,7,0,0,0,0,0,0,0,0,0,0,0,1,0.009,0
AS073,52,Toronto,urban,10.15,Early,22,9,0,82,0,0,0,0,0,0,0,0,83,2,0.023,0
AS073,52,Toronto,urban,10.15,Early,55,5,0,0,0,0,0,0,0,0,0,0,0,1,0.016,0
AS073,52,Toronto,urban,10.15,Early,13,13,0,0,0,0,0,0,0,0,0,0,0,1,0.016,0
AS074,53,Toronto,urban,11.33,Early,90,0,0,0,0,0,0,0,0,1,0,2,3,2,0.051,0
AS074,53,Toronto,urban,11.33,Early,89,1,0,0,0,0,0,0,0,0,0,1,2,2,0.09,0
AS074,53,Toronto,urban,11.33,Early,116,1,0,0,0,0,0,0,0,0,0,2,3,2,0.016,0
AS074,53,Toronto,urban,11.33,Early,102,0,0,0,0,0,0,0,0,1,0,1,2,2,0.057,0
AS074,53,Toronto,urban,11.33,Early,86,2,0,0,0,0,0,0,0,0,0,2,3,2,0.097,0
AS075,54,Toronto,urban,11.85,Early,131,0,0,0,0,0,0,0,0,0,0,0,0,0,0,0
AS075,54,Toronto,urban,11.85,Early,152,0,0,0,0,0,0,0,0,0,0,0,0,0,0.008,0
AS075,54,Toronto,urban,11.85,Early,87,0,0,0,0,0,0,0,0,0,0,0,0,0,0.143,15.2
AS075,54,Toronto,urban,11.85,Early,114.5,2,1,0,0,0,0,0,0,0,0,0,1,2,0.001,15.1
AS075,54,Toronto,urban,11.85,Early,110,0,0,0,0,0,0,0,0,0,0,0,0,0,0,0
AS076,55,Toronto,urban,12.78,Early,42.5,0,0,100,0,0,0,0,0,0,0,0,100,1,0,0
AS076,55,Toronto,urban,12.78,Early,22.5,0,0,0,0,0,0,0,0,0,0,0,0,0,0,0
AS076,55,Toronto,urban,12.78,Early,34,2,0,0,0,0,0,0,0,0,0,0,1,1,0.043,0
AS076,55,Toronto,urban,12.78,Early,30.5,0,0,0,0,0,0,0,0,0,0,0,0,0,0.012,0
AS076,55,Toronto,urban,12.78,Early,38,0,0,0,0,0,0,0,0,1,0,0,1,1,0.008,0
AS077,56,Toronto,urban,13.69,Early,75,3,0,0,0,0,0,0,0,0,0,1,1,2,0.135,12.2
AS077,56,Toronto,urban,13.69,Early,101,0,0,0,0,0,0,0,0,1,0,0,1,1,0.055,3.3
AS077,56,Toronto,urban,13.69,Early,67,0,0,0,0,0,0,0,0,4,0,0,4,1,0.055,2.7
AS077,56,Toronto,urban,13.69,Early,92,1,0,0,0,0,0,0,0,0,0,2,2,2,0.01,0
AS077,56,Toronto,urban,13.69,Early,78,0,0,0,0,0,0,0,0,0,0,0,0,0,0,0
AS079,57,Toronto,urban,16.25,Early,61,1,1,0,0,0,0,0,0,0,0,1,3,3,0.01,3.8
AS079,57,Toronto,urban,16.25,Early,87,1,0,0,0,0,0,0,0,0,0,1,2,2,0.003,0
AS079,57,Toronto,urban,16.25,Early,48,0,0,0,0,0,0,0,0,0,0,1,1,1,0.037,0
AS079,57,Toronto,urban,16.25,Early,45,0,0,0,0,0,0,0,0,2,0,0,2,1,0.092,10.3
AS079,57,Toronto,urban,16.25,Early,61,0,0,0,0,0,0,0,0,0,0,0,0,0,0.045,2.5
AS080,58,Toronto,urban,16.52,Early,116,6,0,0,0,0,0,0,0,0,0,6,8,2,0.029,0
AS080,58,Toronto,urban,16.52,Early,107,1,0,0,0,0,0,0,0,0,0,5,5,2,0.025,0
AS080,58,Toronto,urban,16.52,Early,60,2,0,0,0,0,0,0,0,0,0,6,7,2,0.012,0
AS080,58,Toronto,urban,16.52,Early,123,2,0,0,0,0,0,0,0,0,0,0,0,1,0.012,0
AS080,58,Toronto,urban,16.52,Early,138,3,0,7,0,0,0,0,0,0,0,0,7,2,0.003,0
AS081,59,Toronto,urban,17.45,Early,100.5,0,0,0,0,0,0,0,0,0,0,0,0,0,0.004,0
AS081,59,Toronto,urban,17.45,Early,87.5,0,0,0,0,0,0,0,0,0,0,2,2,1,0.02,4.5
AS081,59,Toronto,urban,17.45,Early,138,1,0,0,0,0,0,0,0,0,0,1,1,2,0.005,0.5
AS081,59,Toronto,urban,17.45,Early,62,0,0,0,0,0,0,0,0,0,0,1,1,1,0.014,8.3
AS081,59,Toronto,urban,17.45,Early,126,1,0,0,0,0,0,0,0,1,0,0,2,2,0.06,10.5
AS082,60,Toronto,urban,17.45,Early,73.4,1,0,0,0,0,0,0,0,0,0,0,1,1,0,0
AS082,60,Toronto,urban,17.45,Early,73,0,0,0,0,0,0,0,0,0,0,0,0,0,0.002,0
AS082,60,Toronto,urban,17.45,Early,72.5,0,0,0,0,0,0,0,0,0,0,0,0,0,0.015,0
AS082,60,Toronto,urban,17.45,Early,53.5,0,0,0,0,0,0,0,0,0,0,0,0,0,0,0
AS082,60,Toronto,urban,17.45,Early,61.4,0,0,0,0,0,0,0,0,0,0,0,0,0,0.01,0
AS083,61,Toronto,urban,18.59,Early,127.5,0,0,0,0,0,0,0,0,0,0,0,0,0,0,0
AS083,61,Toronto,urban,18.59,Early,95.5,1,0,0,0,0,0,0,0,0,0,0,0,1,0.003,0
AS083,61,Toronto,urban,18.59,Early,122,1,0,0,0,0,0,0,0,0,0,0,0,1,0,0
AS083,61,Toronto,urban,18.59,Early,81,2,0,0,0,0,0,0,0,0,0,0,0,1,0,0
AS083,61,Toronto,urban,18.59,Early,130,0,0,0,0,0,0,0,0,0,0,0,0,0,0,0
AS084,62,Toronto,urban,18.13,Early,90.5,0,0,0,0,0,0,0,0,0,0,0,0,0,0,0
AS084,62,Toronto,urban,18.13,Early,57.5,0,0,0,0,0,0,0,0,0,0,0,0,0,0,0
AS084,62,Toronto,urban,18.13,Early,105,0,0,0,0,0,0,0,0,0,0,0,0,0,0,0
AS084,62,Toronto,urban,18.13,Early,94,0,0,0,0,0,0,0,0,0,0,0,0,0,0,0
AS084,62,Toronto,urban,18.13,Early,58.5,0,0,0,0,0,0,0,0,0,0,0,0,0,0,0
AS085,63,Toronto,urban,17.47,Early,61,0,0,0,0,0,0,0,0,0,0,2,2,1,0.002,0
AS085,63,Toronto,urban,17.47,Early,101,2,0,0,0,0,0,0,0,0,0,0,0,1,0,0
AS085,63,Toronto,urban,17.47,Early,79,1,0,0,0,0,0,0,0,0,0,0,0,1,0,0
AS085,63,Toronto,urban,17.47,Early,64,0,0,0,0,0,0,0,0,0,0,1,1,1,0.003,0
AS085,63,Toronto,urban,17.47,Early,84,0,0,0,0,0,0,0,0,0,0,0,0,0,0,0
AS086,64,Toronto,urban,20.08,Early,73.5,0,0,0,0,0,0,0,0,0,0,0,0,0,0.017,0
AS086,64,Toronto,urban,20.08,Early,52.5,0,0,0,0,0,0,0,0,0,0,0,0,0,0,0
AS086,64,Toronto,urban,20.08,Early,104,0,0,0,0,0,0,0,0,0,0,0,0,0,0,0
AS086,64,Toronto,urban,20.08,Early,121,0,0,0,0,0,0,0,0,0,0,0,0,0,0.013,0
AS086,64,Toronto,urban,20.08,Early,131,0,0,0,0,0,0,0,0,0,0,0,0,0,0.031,0
AS087,65,Toronto,urban,14.84,Early,62,0,0,0,0,0,0,0,0,0,0,0,0,0,0,0
AS087,65,Toronto,urban,14.84,Early,46,0,0,0,0,0,0,0,0,0,0,0,0,0,0.008,0
AS087,65,Toronto,urban,14.84,Early,85.5,0,0,0,0,0,0,0,0,0,0,1,1,1,0.052,0
AS087,65,Toronto,urban,14.84,Early,94,0,0,0,0,0,0,0,0,0,0,1,1,1,0.002,0
AS087,65,Toronto,urban,14.84,Early,116,0,0,0,0,0,0,0,0,0,0,0,0,0,0,0
AS088,66,Toronto,urban,14,Early,39,1,0,0,0,0,0,0,0,0,0,0,1,1,0.011,0
AS088,66,Toronto,urban,14,Early,74.5,3,0,0,0,0,0,0,0,0,0,0,3,1,0.004,0
AS088,66,Toronto,urban,14,Early,34,1,0,0,0,0,0,0,0,0,0,0,1,1,0.007,0
AS088,66,Toronto,urban,14,Early,22,0,0,0,0,0,0,0,0,0,0,0,0,0,0,0
AS088,66,Toronto,urban,14,Early,87,1,0,0,0,0,0,0,0,0,0,0,1,1,0.012,0
AS089,67,Toronto,urban,13.55,Early,94,0,0,0,0,0,0,0,0,0,0,0,0,0,0,0
AS089,67,Toronto,urban,13.55,Early,39,0,0,0,0,0,0,0,0,0,0,0,0,0,0,0
AS089,67,Toronto,urban,13.55,Early,90,0,0,0,0,0,0,0,0,0,0,0,0,0,0,0
AS089,67,Toronto,urban,13.55,Early,48,0,0,0,0,0,0,0,0,0,0,0,0,0,0,0
AS089,67,Toronto,urban,13.55,Early,53,1,0,0,0,0,0,0,0,0,0,0,1,1,0.003,0
AS091,68,Toronto,urban,12.24,Early,34.5,0,0,0,0,0,0,0,0,0,0,0,0,0,0,0
AS091,68,Toronto,urban,12.24,Early,39,0,0,0,0,0,0,0,0,0,0,0,0,0,0,0
AS091,68,Toronto,urban,12.24,Early,42,0,0,0,0,0,0,0,0,0,0,0,0,0,0,0
AS091,68,Toronto,urban,12.24,Early,35.5,0,0,0,0,0,0,0,0,0,0,0,0,0,0,0
AS091,68,Toronto,urban,12.24,Early,44,0,0,0,0,0,0,0,0,0,0,0,0,0,0,0
AS092,69,Toronto,urban,10.82,Early,45.5,0,0,0,0,0,0,0,0,0,0,0,0,0,0.018,0
AS092,69,Toronto,urban,10.82,Early,62,0,0,0,0,0,0,0,0,0,0,0,0,0,0.031,0
AS092,69,Toronto,urban,10.82,Early,46,0,0,0,0,0,0,0,0,0,0,0,0,0,0,0
AS092,69,Toronto,urban,10.82,Early,91.5,0,0,0,0,0,0,0,0,0,0,0,0,0,0.009,0
AS092,69,Toronto,urban,10.82,Early,118,0,0,0,0,0,0,0,0,0,0,0,0,0,0.012,0
AS093,70,Toronto,urban,8.75,Early,77,0,0,0,0,0,0,0,0,0,0,0,0,0,0,0
AS093,70,Toronto,urban,8.75,Early,57,0,0,0,0,0,0,0,0,0,0,0,0,0,0,0
AS094,70,Toronto,urban,22.16,Early,59,0,0,0,0,0,0,0,0,0,0,0,0,0,0.016,0
AS094,70,Toronto,urban,22.16,Early,89,0,0,0,0,0,0,0,0,0,0,0,0,0,0.1,0
AS094,70,Toronto,urban,22.16,Early,114,0,0,0,0,0,0,0,0,0,0,0,0,0,0,0
AS094,70,Toronto,urban,22.16,Early,85,0,0,0,0,0,0,0,0,0,0,0,0,0,0.016,0
AS094,70,Toronto,urban,22.16,Early,72,0,0,0,0,0,0,0,0,0,0,0,0,0,0.004,0.2